<?xml version="1.0" encoding="UTF-8" standalone="yes"?>
<addon id="repository.zelkami" name="ZelKami Repository" version="1.0.0" provider-name="ZelKami">
    <extension point="xbmc.addon.repository" name="Example Repository">
        <dir>
            <info compressed="false">https://raw.githubusercontent.com/ZelKami/zelkami.github.io/master/repo/zips/addons.xml</info>
            <checksum>https://raw.githubusercontent.com/ZelKami/zelkami.github.io/master/repo/zips/addons.xml.md5</checksum>
            <datadir zip="true">https://raw.githubusercontent.com/ZelKami/zelkami.github.io/master/repo/zips/</datadir>
        </dir>
    </extension>
    <extension point="xbmc.addon.metadata">
        <summary>ZelKami Repository</summary>
        <description>Repository for all of ZelKami's addons.</description>
        <disclaimer></disclaimer>
        <platform>all</platform>
        <assets>
            <icon>icon.png</icon>
            <fanart>fanart.jpg</fanart>
        </assets>
    </extension>
</addon>